"Hlavná kategória";"Podkategória";"Pod-podkategória";"URL slug";"Krátky popis";"Meta titulok";"Meta popis";"Viditeľná"
"Krytiny skladom";"";"";"krytiny-skladom";"Plechové krytiny ihneď k odberu — Topdach S15, Unidach, Uniplech, Uni-šablóna.";"Krytiny skladom — Strechy Partizánske";"Plechové strešné krytiny skladom: Topdach S15, Unidach, Uniplech a Uni-šablóna. Doručenie do 48 h.";"1"
"Krytiny skladom";"Topdach S15";"";"krytiny-skladom/topdach-s15";"Profilovaná krytina Topdach S15 — pozink + farby RAL.";"Topdach S15 — Strechy Partizánske";"Krytina Topdach S15 v 12 farbách RAL aj v pozinku. Doručenie do 48 h.";"1"
"Krytiny skladom";"Unidach";"";"krytiny-skladom/unidach";"Krytina Unidach pre šikmé strechy.";"Unidach — Strechy Partizánske";"Plechová krytina Unidach v 12 farbách RAL aj v pozinku.";"1"
"Krytiny skladom";"Uniplech";"";"krytiny-skladom/uniplech";"Hladké plechové tabule Uniplech.";"Uniplech — Strechy Partizánske";"Hladké plechové tabule Uniplech v 12 farbách RAL.";"1"
"Krytiny skladom";"Uni-šablóna";"";"krytiny-skladom/uni-sablona";"Šablónová krytina Uni-šablóna.";"Uni-šablóna — Strechy Partizánske";"Šablónová plechová krytina Uni v 12 farbách RAL.";"1"
"Klampiarske produkty";"";"";"klampiarske-produkty";"Klampiarske produkty v 12 farbách RAL aj v pozinku — vyber farbu a uvidíš celý sortiment.";"Klampiarske produkty — Strechy Partizánske";"Žľaby, lemovania, závetria a klampiarske produkty v 12 farbách RAL aj v pozinku.";"1"
"Klampiarske produkty";"Pozink";"";"klampiarske-produkty/pozink";"Klampiarske produkty v pozinku.";"Klampiarske produkty pozink — Strechy Partizánske";"Klampiarske produkty v pozinkovanom prevedení — žľaby, lemovania, závetria.";"1"
"Klampiarske produkty";"Strieborná";"";"klampiarske-produkty/strieborna";"";"Klampiarske produkty strieborná — Strechy Partizánske";"";"1"
"Klampiarske produkty";"Sivá";"";"klampiarske-produkty/seda";"";"Klampiarske produkty sivá — Strechy Partizánske";"";"1"
"Klampiarske produkty";"Čierna";"";"klampiarske-produkty/cierna";"";"Klampiarske produkty čierna — Strechy Partizánske";"";"1"
"Klampiarske produkty";"Biela";"";"klampiarske-produkty/biela";"";"Klampiarske produkty biela — Strechy Partizánske";"";"1"
"Klampiarske produkty";"Tehlová";"";"klampiarske-produkty/tehlova";"";"Klampiarske produkty tehlová — Strechy Partizánske";"";"1"
"Klampiarske produkty";"Červená";"";"klampiarske-produkty/cervena";"";"Klampiarske produkty červená — Strechy Partizánske";"";"1"
"Klampiarske produkty";"Červenohnedá";"";"klampiarske-produkty/cervenohneda";"";"Klampiarske produkty červenohnedá — Strechy Partizánske";"";"1"
"Klampiarske produkty";"Tmavohnedá";"";"klampiarske-produkty/tmavohneda";"";"Klampiarske produkty tmavohnedá — Strechy Partizánske";"";"1"
"Klampiarske produkty";"Tmavozelená";"";"klampiarske-produkty/tmavozelena";"";"Klampiarske produkty tmavozelená — Strechy Partizánske";"";"1"
"Klampiarske produkty";"Modrá";"";"klampiarske-produkty/modra";"";"Klampiarske produkty modrá — Strechy Partizánske";"";"1"
"Klampiarske produkty";"Drevodekor";"";"klampiarske-produkty/drevodekor";"";"Klampiarske produkty drevodekor — Strechy Partizánske";"";"1"
"Náradie";"";"";"klampiarske-naradie";"Klampiarske náradie — nožnice, kladivá, ohýbačky.";"Klampiarske náradie — Strechy Partizánske";"Profesionálne klampiarske náradie pre strechárov.";"1"
"Strešné doplnky";"";"";"stresne-doplnky";"Tesnenia, fólie, tmely a doplnky pre strechu.";"Strešné doplnky — Strechy Partizánske";"Strešné fólie, tmely, tesniace pásky, vetracie hrebene a ďalšie doplnky.";"1"
"Strešné doplnky";"Fólia";"";"stresne-doplnky/folia";"Strešné fólie — paropriepustné a parozábrany.";"Strešné fólie — Strechy Partizánske";"Paropriepustné fólie a parozábrany pre šikmé strechy.";"1"
"Strešné doplnky";"Tmel";"";"stresne-doplnky/tmel";"";"Strešné tmely — Strechy Partizánske";"";"1"
"Strešné doplnky";"Lak";"";"stresne-doplnky/lak";"";"Strešné laky — Strechy Partizánske";"";"1"
"Strešné doplnky";"Spray";"";"stresne-doplnky/spray";"";"Strešné spreje — Strechy Partizánske";"";"1"
"Strešné doplnky";"Tesniace pásky";"";"stresne-doplnky/tesniace-pasky";"";"Tesniace pásky — Strechy Partizánske";"";"1"
"Strešné doplnky";"Vetrací hrebeň";"";"stresne-doplnky/vetraci-hreben";"";"Vetracie hrebene — Strechy Partizánske";"";"1"
"Strešné doplnky";"Odvetrávací pás hrebeňa";"";"stresne-doplnky/odvetravaci-pas-hrebena";"";"Odvetrávací pás hrebeňa — Strechy Partizánske";"";"1"
"Strešné doplnky";"Pás proti vtákom";"";"stresne-doplnky/pas-proti-vtakom";"";"Pás proti vtákom — Strechy Partizánske";"";"1"
"Strešné doplnky";"Prestupová manžeta";"";"stresne-doplnky/prestupova-manzeta";"";"Prestupové manžety — Strechy Partizánske";"";"1"
"Spojovací materiál";"";"";"spojovaci-material";"Skrutky, nity, príponky pre strešné krytiny a panely.";"Spojovací materiál — Strechy Partizánske";"Skrutky pre krytiny, sendvičové panely, nity, príponky a kalota.";"1"
"Spojovací materiál";"Skrutky pre krytiny";"";"spojovaci-material/skrutky-pre-krytiny";"Skrutky pre plechové krytiny — do dreva aj do ocele.";"Skrutky pre krytiny — Strechy Partizánske";"Farebné skrutky pre plechové krytiny do dreva aj do ocele.";"1"
"Spojovací materiál";"Skrutky pre krytiny";"Do dreva";"spojovaci-material/skrutky-pre-krytiny/do-dreva";"";"Skrutky do dreva pre krytiny — Strechy Partizánske";"";"1"
"Spojovací materiál";"Skrutky pre krytiny";"Do ocele";"spojovaci-material/skrutky-pre-krytiny/do-ocele";"";"Skrutky do ocele pre krytiny — Strechy Partizánske";"";"1"
"Spojovací materiál";"Skrutky pre sendvičové panely";"";"spojovaci-material/skrutky-pre-sendvicove-panely";"";"Skrutky pre sendvičové panely — Strechy Partizánske";"";"1"
"Spojovací materiál";"Skrutky pre sendvičové panely";"Do dreva/betónu";"spojovaci-material/skrutky-pre-sendvicove-panely/do-dreva-do-betonu";"";"Skrutky do dreva a betónu pre sendvičové panely";"";"1"
"Spojovací materiál";"Skrutky pre sendvičové panely";"Do ocele";"spojovaci-material/skrutky-pre-sendvicove-panely/do-ocele";"";"Skrutky do ocele pre sendvičové panely";"";"1"
"Spojovací materiál";"Nity";"";"spojovaci-material/nity";"";"Nity pre klampiarske práce — Strechy Partizánske";"";"1"
"Spojovací materiál";"Príponky";"";"spojovaci-material/priponky";"";"Príponky — Strechy Partizánske";"";"1"
"Spojovací materiál";"Orkán-kalota";"";"spojovaci-material/orkan-kalota";"";"Orkán-kalota — Strechy Partizánske";"";"1"
"Snehové zábrany";"";"";"snehove-zabrany";"Snehové zábrany pre hladké aj profilované krytiny.";"Snehové zábrany — Strechy Partizánske";"Snehové zábrany — drôtové, mrežové, na hladké aj profilované krytiny.";"1"
"Snehové zábrany";"Na hladké krytiny";"";"snehove-zabrany/na-hladke-krytiny";"";"Snehové zábrany na hladké krytiny";"";"1"
"Snehové zábrany";"Na profilované krytiny";"";"snehove-zabrany/na-profilovane-krytiny";"";"Snehové zábrany na profilované krytiny";"";"1"
"Ploché strechy";"";"";"ploche-strechy";"Materiály pre ploché strechy — PVC fólie, poplastované plechy.";"Ploché strechy — Strechy Partizánske";"PVC fólie a poplastované plechy pre ploché strechy.";"1"
"Ploché strechy";"Fólia";"";"ploche-strechy/folia";"";"PVC fólie pre ploché strechy";"";"1"
"Ploché strechy";"Doplnky";"";"ploche-strechy/doplnky";"";"Doplnky pre ploché strechy";"";"1"
"Ploché strechy";"Poplastované plechy";"";"ploche-strechy/poplastovane-plechy";"";"Poplastované plechy";"";"1"
"Ploché strechy";"Poplastované klampiarske produkty";"";"ploche-strechy/poplastovane-klampiarske-produkty";"";"Poplastované klampiarske produkty";"";"1"
"Sendvičové panely";"";"";"sendvicove-panely";"Strešné a stenové sendvičové panely.";"Sendvičové panely — Strechy Partizánske";"Sendvičové panely strešné, stenové a doplnky.";"1"
"Sendvičové panely";"Strešné";"";"sendvicove-panely/stresne";"";"Strešné sendvičové panely";"";"1"
"Sendvičové panely";"Stenové";"";"sendvicove-panely/stenove";"";"Stenové sendvičové panely";"";"1"
"Sendvičové panely";"Doplnky";"";"sendvicove-panely/doplnky";"";"Doplnky pre sendvičové panely";"";"1"
"Okná a výlezy";"";"";"okna-a-vylezy";"Strešné okná, výlezy, svetlovody.";"Strešné okná a výlezy — Strechy Partizánske";"Strešné okná, výlezy a svetlovody.";"1"
"Zvodový systém";"";"";"zvodovy-system";"Žľaby, zvody, kolená — pozink aj farby RAL.";"Zvodový systém — Strechy Partizánske";"Kompletný zvodový systém v rozmeroch 125/87 mm a 150/97 mm.";"1"
"Zvodový systém";"125/87 mm";"";"zvodovy-system/125-87-mm";"";"Zvodový systém 125/87 mm";"";"1"
"Zvodový systém";"150/97 mm";"";"zvodovy-system/150-97-mm";"";"Zvodový systém 150/97 mm";"";"1"
